insert into public.comment (id, comment_text, creation_date, modification_date, trick_id, author_id, is_validated)
values  (34, 'Un nouveau commentaire d''un passionné de snowboard.', '2022-04-17 15:32:14', '2022-04-17 15:32:14', 4, 6, true),
        (35, 'Vraiment pas simple de partir en switch!', '2022-04-17 15:43:06', '2022-04-17 15:43:06', 30, 25, true),
        (10, 'Un commentaire d''un user différent qui a été modifié', '2021-12-07 10:13:50', '2021-12-07 15:53:14', 4, 4, true),
        (11, 'Une figure pas évidente à réaliser, je me suis retrouvé plusieurs fois par terre! Je déconseille aux débutants!', '2022-01-10 05:56:58', '2022-01-10 06:02:40', 7, 6, true),
        (23, 'Une double rotation pas évidente à réaliser et rattérir sur ses pieds', '2022-01-25 09:19:45', '2022-01-25 09:57:39', 26, 6, true),
        (30, 'J''ai mis plusieurs jours à maitriser ce trick, le conseil de tester sur trampoline avant est excellent!!', '2022-02-11 11:50:42', '2022-02-11 11:51:39', 27, 6, true),
        (9, 'Un commentaire qui a été édité', '2021-12-07 10:05:36', '2021-12-09 15:49:01', 4, 6, true),
        (33, 'Un second commentaire d''un utilisateur', '2022-03-22 12:24:44', '2022-03-22 12:24:44', 6, 6, true),
        (20, 'Ceci est un nouveau commentaire', '2022-01-18 13:51:37', '2022-01-18 13:51:37', 2, 6, true),
        (13, 'Un autre commentaire', '2022-01-17 08:36:37', '2022-01-17 08:36:37', 4, 6, true),
        (15, 'Un autre commentaire', '2022-01-17 08:42:12', '2022-01-17 08:42:12', 4, 6, true),
        (17, 'Un commentaire de plus qui s''ajoute', '2022-01-18 10:59:09', '2022-01-18 10:59:09', 4, 6, true),
        (19, 'Un commentaire bien écrit', '2022-01-18 11:26:44', '2022-01-18 11:26:44', 2, 6, true),
        (32, 'Vraiment pas évident à réaliser', '2022-03-20 22:21:29', '2022-03-20 22:21:29', 11, 6, true),
        (5, 'Ceci est un commentaire pour le trick 13', '2021-11-21 17:25:45', '2021-11-21 17:25:45', 13, 6, true),
        (16, 'Encore un commentaire', '2022-01-17 08:43:10', '2022-01-17 08:43:10', 4, 6, true),
        (31, 'Vraiment pas facile à maitriser', '2022-03-11 09:40:42', '2022-03-11 09:40:42', 6, 6, true),
        (12, 'Un nouveau commentaire.', '2022-01-17 08:36:25', '2022-01-17 08:36:25', 4, 6, true),
        (8, 'Cette figure est vraiment difficile', '2021-12-02 15:10:01', '2021-12-02 15:10:01', 4, 6, true),
        (14, 'Une figure vraiment plaisante à effectuer', '2022-01-17 08:36:58', '2022-03-22 12:45:24', 4, 6, true);

insert into public.doctrine_migration_versions (version, executed_at, execution_time)
values  ('DoctrineMigrations\Version20211028130212', '2021-10-28 13:03:20', 45),
        ('DoctrineMigrations\Version20211028142326', '2021-10-28 14:27:20', 95),
        ('DoctrineMigrations\Version20211104101942', '2021-11-04 10:20:06', 29),
        ('DoctrineMigrations\Version20211124112351', '2021-11-24 11:24:39', 81),
        ('DoctrineMigrations\Version20220324193447', '2022-03-24 19:35:25', 92),
        ('DoctrineMigrations\Version20220324204158', '2022-03-24 20:42:19', 74);

insert into public.group (id, name)
values  (1, 'grab'),
        (2, 'rotation'),
        (3, 'flip'),
        (4, 'rotation désaxée'),
        (5, 'slides'),
        (6, 'one foot'),
        (7, 'old school');

insert into public.media (id, url, is_main, media_type_id, trick_id)
values  (47, 'istockphoto-153551554-612x612-62379a9a137d3.jpg', true, 1, 10),
        (48, 'snowboarder3-62379ac84b52e.jpg', true, 1, 11),
        (4, 'snowboarder-backflip-61a0f32ee4ebe.jpg', true, 1, 3),
        (11, 'istockphoto-886753172-612x612-61c1aacaa5cde.jpg', false, 1, 4),
        (49, 'photo-1617877730222-04e11fa96b91-625c1ba0df0bc.jpg', true, 1, 30),
        (51, 'istockphoto-153551554-612x612-625c1b40c689c.jpg', false, 1, 30),
        (7, 'trick5-61a49cc2ccc09.jpg', true, 1, 6),
        (50, 'https://www.youtube.com/embed/Ey5elKTrUCk', false, 2, 30),
        (12, 'id4haetlgl3r5bx3vros-61a8edfd412cc.jpg', false, 1, 4),
        (21, 'https://www.youtube.com/embed/M-W7Pmo-YMY', false, 2, 4),
        (22, 'https://www.youtube.com/embed/AMsWP9WJS_0', false, 2, 4),
        (23, 'https://www.youtube.com/embed/xhvqu2XBvI0', false, 2, 4),
        (33, 'frontflip-61fd5237eb96b.jpg', false, 1, 27),
        (35, 'IMG-7635-620x413-6200e020bba9d.jpg', false, 1, 27),
        (24, 'https://www.youtube.com/embed/czpV-FOBHY4', false, 2, 4),
        (20, 'https://www.youtube.com/embed/0sehBOkD01Q', false, 2, 4),
        (32, 'IMG-7636-620x413-61fd5221180b4.jpg', false, 1, 27),
        (39, 'id4haetlgl3r5bx3vros-6200e4c8011d4.jpg', true, 1, 27),
        (34, 'https://www.youtube.com/embed/aTTkQ45DUfk', false, 2, 27),
        (27, 'inzell-snowboardcamp-bayern-alpen-61c0aa1ccd1ba.jpg', true, 1, 4),
        (31, 'c0b199d73b-120515-lexique-snowboard-61c1a738829d6.jpg', false, 1, 4),
        (42, 'istockphoto-886753172-612x612-622b027822ca0.jpg', true, 1, 2),
        (43, 'id4haetlgl3r5bx3vros-622b029c36eff.jpg', false, 1, 2),
        (44, 'https://www.youtube.com/embed/SFYYzy0UF-8', false, 2, 2),
        (45, 'id4haetlgl3r5bx3vros-622b06770e3df.jpg', true, 1, 8),
        (46, 'IMG-7636-620x413-622b06c14fd59.jpg', true, 1, 7),
        (8, 'inzell-snowboardcamp-bayern-alpen-61a49d536edaa.jpg', false, 1, 7);

insert into public.media_type (id, type)
values  (1, 'image'),
        (2, 'video');

insert into public.trick (id, description, creation_date, modification_date, trick_group_id, name)
values  (16, 'vzrbvert', '2021-11-25 11:17:47', null, 3, 'trick 14'),
        (21, 'ofinr''czmointvr', '2022-01-07 18:02:56', null, 5, 'Trick 19'),
        (22, 'oimcnezlnv$', '2022-01-07 18:03:03', null, 1, 'trick 20'),
        (23, 'vzlrmk,v', '2022-01-07 18:03:13', null, 2, 'trick 21'),
        (24, 'Un backflip modifié', '2022-01-21 10:04:55', null, 4, 'trick test 28'),
        (25, 'Un grab où l''on attrape l''avant de sa planche', '2022-01-21 10:06:09', null, 1, 'Nosegrab'),
        (26, 'deux saltos arrière dans la même figure', '2022-01-21 10:08:15', null, 2, 'Double backflip'),
        (10, 'ôcinaé''pmin', '2021-11-19 15:58:00', null, 4, 'Mc twist'),
        (8, 'imerqbuzrvbeuzq', '2021-11-19 13:52:06', null, 7, 'Switch Method'),
        (7, 'fazgfz''', '2021-11-19 13:45:30', '2022-01-10 06:10:53', 7, 'FS 720 Japan'),
        (12, 'klvzonr', '2021-11-19 16:49:35', null, 1, 'FS 900'),
        (13, 'oifenzpoin', '2021-11-19 17:23:14', null, 1, 'Backflip'),
        (2, 'un deuxieme test modifié a nouveau', '2021-11-08 11:43:26', '2021-11-26 14:00:04', 3, 'Backside air'),
        (6, 'attraper l''arrière de sa planche tout en étant dans les airs. Attention à bien lâcher avant la réception!', '2021-11-19 13:41:49', '2022-01-28 08:02:22', 1, 'Tailgrab'),
        (15, 'ôdf,az^''reo,', '2021-11-19 17:34:24', null, 1, '360 Mute'),
        (27, 'Un salto avant, attention à la réception! Entrainez. vous sur trampoline avant!', '2022-01-27 10:40:14', '2022-03-11 09:27:51', 4, 'Double frontflip'),
        (4, 'troisieme trick avec modif description', '2021-11-08 11:44:51', '2022-03-11 10:06:03', 2, 'BS 540 seatbelt'),
        (28, 'rotation tête en bas classique qui s''apparente à un backflip sur un mur frontside de pipe ou un quarter.', '2022-03-20 22:05:19', null, 2, 'Crippler'),
        (11, 'Attraper l''avant de sa planche', '2021-11-19 16:00:32', '2022-03-20 22:22:13', 1, 'Lobster flip'),
        (3, 'Avec la tête en bas!', '2021-11-08 11:43:55', '2022-03-20 22:23:23', 4, 'Switch backside rodeo 720'),
        (14, 'Salto avant, avec un snowboard en plus!', '2021-11-19 17:25:38', '2022-03-20 23:30:33', 1, 'Frontflip'),
        (30, 'Départ avec sa board inversé, backflip avec un grab rodeo.', '2022-04-17 15:40:32', null, 4, 'Switch rodeo backflip');

insert into public.user (id, username, roles, password, email, is_verified, reset_pwd_token, token_expiration_date)
values  (6, 'mat5', '["ROLE_ADMIN"]', '$2y$13$oWaScLS9dd7HauDXlV/GVe/3aoXdn.zTgkIUC62iJQ6sfiBIuAciO', 'mat091@hotmail.com', true, null, null),
        (2, 'mat', '["ROLE_USER"]', '$2y$13$VTVhzESYMPv9SD4HkUFmh.RgsXOIeTdooKOTfxjO0AVHoYcDCwe4C', 'mat091@hotmail.com', false, null, null),
        (4, 'mat3', '["ROLE_USER"]', '$2y$13$QJwj7BVA.iEvNANjBuVocOjLsZUEmqbRmc.DNatzOJEo0n87qtOle', 'mat091@hotmail.com', true, null, null),
        (3, 'mat2', '["ROLE_USER"]', '$2y$13$F4QfXU4dpkMZ56NTMpc3lOlTgX/Mph4DgqQmipLSv4J1lafQ6FcuO', 'mat091@hotmail.com', false, null, null),
        (5, 'mat4', '["ROLE_USER"]', '$2y$13$CmGtlhUa2wtGasmO57a8deIXCf.ehs5.vSibnPhhdAh05vbqe7.Be', 'mat091@hotmail.com', true, null, null),
        (7, 'mat6', '["ROLE_USER"]', '$2y$13$gT.kBKcC/VKD0p5ngNkQGuPZU8mFfTeFXhndRbGOxEP/gPiY8sxC6', 'mat091@hotmail.com', true, null, null),
        (13, 'mat7', '["ROLE_USER"]', '$2y$13$aRYR91bSqaoqzNlmMdzkWu5amqWEM6HN77vZ9Y.hIPdF0qHQa2Kj2', 'mat091@hotmail.com', true, null, null),
        (14, 'mat8', '["ROLE_USER"]', '$2y$13$egILi0/C.UHcLtMTCwuws.8W32CXXtJigNY2PIPmWbACN9SaEfM.K', 'mat.ortlieb@gmail.com', true, null, null),
        (21, 'mat10', '["ROLE_USER"]', '$2y$13$LjUWqGX5jAzYDgnMZq8IvOwyfpvh.G00psE3JxlnwiSSw5OLbJ0NW', 'mat091@hotmail.com', false, null, null),
        (22, 'mat11', '["ROLE_USER"]', '$2y$13$k95dFPeHVAi68wMESBLgE.kzoSr3ElfoKycCGVjV1NRc/J27TbQ8u', 'mat091@hotmail.com', false, 'f0c18fee5262be711fd7c62cd332eea2', '2022-03-27 23:35:10'),
        (20, 'mat9', '["ROLE_USER"]', '$2y$13$D22qNO6QgUbWaxyUfrd2/elZmi0n7u/ZLv452Ccq.ERf7XVYUERVy', 'mat091@hotmail.com', true, '', '2022-04-01 11:47:19'),
        (23, 'mat12', '["ROLE_USER"]', '$2y$13$kqfrSbMc9n6CWDqFTKsE..YweK739OgoPM3I/CA27erM5QOagQYpi', 'mat091@hotmail.com', false, null, null),
        (24, 'mat13', '["ROLE_USER"]', '$2y$13$XTJGPT.dWJ4ueZMdbVMHz.5BQ8FpRHnbUYYWliVfE.aXYBzW/uLyS', 'mat091@hotmail.com', true, '', '2022-04-01 11:54:14'),
        (25, 'test', '["ROLE_USER"]', '$2y$13$YbvzX5T6.0sM4EkHT48VWO/S/iI46Gge.2UUgNk26FkXJZ2fqMk9i', 'mat091@hotmail.com', true, '', '2022-04-17 16:39:04');